PatronID,DrinkName,PreparationTime,ArrivalTime,ServiceStartTime,CompletionTime,WaitingTime,ResponseTime,TurnaroundTime,Scheduler,OverheadSwitchTime
0,Tequila shot,20,1779027854237,1779027854237,1779027854259,0,0,22,PRIORITY,0
0,Vodka shot,20,1779027854263,1779027854271,1779027854292,8,8,29,PRIORITY,0
1,Cider,25,1779027854268,1779027854294,1779027854321,26,26,53,PRIORITY,0
0,Martini,60,1779027854296,1779027854322,1779027854385,26,26,89,PRIORITY,0
2,Cosmopolitan,65,1779027854291,1779027854387,1779027854453,96,96,162,PRIORITY,0
1,B52,200,1779027854423,1779027854455,1779027854656,32,32,233,PRIORITY,0
0,Margarita,75,1779027854497,1779027854659,1779027854736,162,162,239,PRIORITY,0
2,Mojito,75,1779027854505,1779027854737,1779027854815,232,232,310,PRIORITY,0
3,Cosmopolitan,65,1779027854342,1779027854816,1779027854883,474,474,541,PRIORITY,0
4,Cider,25,1779027854463,1779027854884,1779027854911,421,421,448,PRIORITY,0
5,Cosmopolitan,65,1779027854558,1779027854912,1779027854979,354,354,421,PRIORITY,0
2,B52,200,1779027854926,1779027854982,1779027855183,56,56,257,PRIORITY,0
3,Mojito,75,1779027854935,1779027855185,1779027855262,250,250,327,PRIORITY,0
2,Vodka shot,20,1779027855195,1779027855264,1779027855285,69,69,90,PRIORITY,0
5,Bloody Mary,70,1779027855032,1779027855286,1779027855358,254,254,326,PRIORITY,0
2,Draft Beer,50,1779027855290,1779027855359,1779027855411,69,69,121,PRIORITY,0
6,B52,200,1779027854608,1779027855413,1779027855614,805,805,1006,PRIORITY,0
2,Beer,25,1779027855512,1779027855616,1779027855643,104,104,131,PRIORITY,0
5,Martini,60,1779027855508,1779027855645,1779027855706,137,137,198,PRIORITY,0
6,White Wine,25,1779027855626,1779027855707,1779027855733,81,81,107,PRIORITY,0
7,Cider,25,1779027854887,1779027855735,1779027855761,848,848,874,PRIORITY,0
2,Bloody Mary,70,1779027855746,1779027855764,1779027855835,18,18,89,PRIORITY,0
5,Gin and Tonic,40,1779027855817,1779027855846,1779027855886,29,29,69,PRIORITY,0
6,Mojito,75,1779027855884,1779027855888,1779027855965,4,4,81,PRIORITY,0
7,Margarita,75,1779027855863,1779027855967,1779027856043,104,104,180,PRIORITY,0
2,Pina Colada,100,1779027855986,1779027856046,1779027856147,60,60,161,PRIORITY,0
5,Margarita,75,1779027855998,1779027856149,1779027856226,151,151,228,PRIORITY,0
7,Bloody Mary,70,1779027856124,1779027856229,1779027856300,105,105,176,PRIORITY,0
8,Tequila shot,20,1779027855002,1779027856301,1779027856322,1299,1299,1320,PRIORITY,0
5,Draft Beer,50,1779027856307,1779027856323,1779027856375,16,16,68,PRIORITY,0
8,Mojito,75,1779027856327,1779027856376,1779027856452,49,49,125,PRIORITY,0
7,Red Wine,25,1779027856451,1779027856453,1779027856479,2,2,28,PRIORITY,0
5,Pina Colada,100,1779027856477,1779027856481,1779027856582,4,4,105,PRIORITY,0
8,Red Wine,25,1779027856562,1779027856584,1779027856611,22,22,49,PRIORITY,0
9,Draft Beer,50,1779027855088,1779027856614,1779027856666,1526,1526,1578,PRIORITY,0
7,Draft Beer,50,1779027856630,1779027856668,1779027856719,38,38,89,PRIORITY,0
5,Martini,60,1779027856704,1779027856721,1779027856782,17,17,78,PRIORITY,0
8,B52,200,1779027856762,1779027856784,1779027856987,22,22,225,PRIORITY,0
7,Gin and Tonic,40,1779027856820,1779027856990,1779027857031,170,170,211,PRIORITY,0
8,Tequila shot,20,1779027856999,1779027857033,1779027857055,34,34,56,PRIORITY,0
9,Draft Beer,50,1779027856767,1779027857056,1779027857107,289,289,340,PRIORITY,0
8,Vodka shot,20,1779027857060,1779027857108,1779027857130,48,48,70,PRIORITY,0
10,Beer,25,1779027855113,1779027857132,1779027857159,2019,2019,2046,PRIORITY,0
7,Draft Beer,50,1779027857141,1779027857161,1779027857212,20,20,71,PRIORITY,0
8,B52,200,1779027857135,1779027857213,1779027857414,78,78,279,PRIORITY,0
7,B52,200,1779027857313,1779027857415,1779027857615,102,102,302,PRIORITY,0
8,Bloody Mary,70,1779027857425,1779027857617,1779027857689,192,192,264,PRIORITY,0
9,Cosmopolitan,65,1779027857208,1779027857689,1779027857756,481,481,548,PRIORITY,0
10,Cosmopolitan,65,1779027857260,1779027857757,1779027857823,497,497,563,PRIORITY,0
9,Mojito,75,1779027857807,1779027857825,1779027857901,18,18,94,PRIORITY,0
10,Gin and Tonic,40,1779027857874,1779027857903,1779027857945,29,29,71,PRIORITY,0
11,Red Wine,25,1779027855204,1779027857947,1779027857973,2743,2743,2769,PRIORITY,0
12,Red Wine,25,1779027855476,1779027857974,1779027858001,2498,2498,2525,PRIORITY,0
13,White Wine,25,1779027855515,1779027858002,1779027858030,2487,2487,2515,PRIORITY,0
14,Martini,60,1779027855572,1779027858032,1779027858093,2460,2460,2521,PRIORITY,0
10,Cider,25,1779027858056,1779027858095,1779027858123,39,39,67,PRIORITY,0
15,Pina Colada,100,1779027855746,1779027858124,1779027858225,2378,2378,2479,PRIORITY,0
10,B52,200,1779027858224,1779027858227,1779027858429,3,3,205,PRIORITY,0
12,Mojito,75,1779027858152,1779027858431,1779027858508,279,279,356,PRIORITY,0
10,Beer,25,1779027858440,1779027858510,1779027858536,70,70,96,PRIORITY,0
13,B52,200,1779027858181,1779027858540,1779027858741,359,359,560,PRIORITY,0
10,Mojito,75,1779027858640,1779027858743,1779027858819,103,103,179,PRIORITY,0
12,Vodka shot,20,1779027858620,1779027858821,1779027858843,201,201,223,PRIORITY,0
13,White Wine,25,1779027858752,1779027858845,1779027858871,93,93,119,PRIORITY,0
12,Gin and Tonic,40,1779027858847,1779027858873,1779027858914,26,26,67,PRIORITY,0
14,Vodka shot,20,1779027858204,1779027858916,1779027858937,712,712,733,PRIORITY,0
10,Mojito,75,1779027858932,1779027858939,1779027859015,7,7,83,PRIORITY,0
14,B52,200,1779027858941,1779027859016,1779027859217,75,75,276,PRIORITY,0
12,Vodka shot,20,1779027859025,1779027859219,1779027859240,194,194,215,PRIORITY,0
13,Martini,60,1779027859022,1779027859242,1779027859305,220,220,283,PRIORITY,0
12,Margarita,75,1779027859244,1779027859308,1779027859384,64,64,140,PRIORITY,0
14,Mojito,75,1779027859228,1779027859386,1779027859463,158,158,235,PRIORITY,0
13,Bloody Mary,70,1779027859417,1779027859465,1779027859536,48,48,119,PRIORITY,0
12,Draft Beer,50,1779027859467,1779027859538,1779027859590,71,71,123,PRIORITY,0
14,White Wine,25,1779027859574,1779027859591,1779027859643,17,17,69,PRIORITY,0
12,Martini,60,1779027859690,1779027859691,1779027859752,1,1,62,PRIORITY,0
13,Tequila shot,20,1779027859690,1779027859753,1779027859776,63,63,86,PRIORITY,0
15,Vodka shot,20,1779027858345,1779027859778,1779027859798,1433,1433,1453,PRIORITY,0
16,Beer,25,1779027855775,1779027859800,1779027859826,4025,4025,4051,PRIORITY,0
15,Vodka shot,20,1779027859802,1779027859829,1779027859850,27,27,48,PRIORITY,0
14,Margarita,75,1779027859841,1779027859852,1779027859929,11,11,88,PRIORITY,0
15,Bloody Mary,70,1779027859855,1779027859931,1779027860001,76,76,146,PRIORITY,0
16,Cider,25,1779027859927,1779027860003,1779027860030,76,76,103,PRIORITY,0
17,Martini,60,1779027855987,1779027860032,1779027860092,4045,4045,4105,PRIORITY,0
18,Vodka shot,20,1779027856025,1779027860095,1779027860116,4070,4070,4091,PRIORITY,0
18,Draft Beer,50,1779027860120,1779027860120,1779027860172,0,0,52,PRIORITY,0
15,Beer,25,1779027860153,1779027860174,1779027860200,21,21,47,PRIORITY,0
16,Beer,25,1779027860131,1779027860203,1779027860230,72,72,99,PRIORITY,0
17,Cosmopolitan,65,1779027860204,1779027860232,1779027860299,28,28,95,PRIORITY,0
18,Margarita,75,1779027860273,1779027860300,1779027860377,27,27,104,PRIORITY,0
15,Martini,60,1779027860302,1779027860379,1779027860440,77,77,138,PRIORITY,0
16,Bloody Mary,70,1779027860332,1779027860441,1779027860512,109,109,180,PRIORITY,0
17,Beer,25,1779027860350,1779027860514,1779027860540,164,164,190,PRIORITY,0
18,Red Wine,25,1779027860458,1779027860545,1779027860571,87,87,113,PRIORITY,0
19,Tequila shot,20,1779027856041,1779027860574,1779027860595,4533,4533,4554,PRIORITY,0
20,Bloody Mary,70,1779027856066,1779027860598,1779027860670,4532,4532,4604,PRIORITY,0
16,Gin and Tonic,40,1779027860664,1779027860672,1779027860713,8,8,49,PRIORITY,0
17,Bloody Mary,70,1779027860645,1779027860715,1779027860786,70,70,141,PRIORITY,0
18,Mojito,75,1779027860722,1779027860788,1779027860864,66,66,142,PRIORITY,0
16,Tequila shot,20,1779027860824,1779027860865,1779027860886,41,41,62,PRIORITY,0
19,Margarita,75,1779027860600,1779027860889,1779027860964,289,289,364,PRIORITY,0
17,Gin and Tonic,40,1779027860938,1779027860966,1779027861007,28,28,69,PRIORITY,0
18,B52,200,1779027860975,1779027861009,1779027861210,34,34,235,PRIORITY,0
17,Mojito,75,1779027861119,1779027861212,1779027861289,93,93,170,PRIORITY,0
18,Cider,25,1779027861221,1779027861291,1779027861318,70,70,97,PRIORITY,0
19,White Wine,25,1779027861045,1779027861320,1779027861346,275,275,301,PRIORITY,0
20,Martini,60,1779027860822,1779027861348,1779027861409,526,526,587,PRIORITY,0
17,Draft Beer,50,1779027861399,1779027861411,1779027861463,12,12,64,PRIORITY,0
18,Cosmopolitan,65,1779027861419,1779027861465,1779027861531,46,46,112,PRIORITY,0
19,Mojito,75,1779027861498,1779027861533,1779027861609,35,35,111,PRIORITY,0
20,Martini,60,1779027861522,1779027861612,1779027861675,90,90,153,PRIORITY,0
21,White Wine,25,1779027856191,1779027861677,1779027861702,5486,5486,5511,PRIORITY,0
22,Draft Beer,50,1779027856209,1779027861703,1779027861754,5494,5494,5545,PRIORITY,0
19,Red Wine,25,1779027861720,1779027861756,1779027861782,36,36,62,PRIORITY,0
23,Red Wine,25,1779027856211,1779027861784,1779027861810,5573,5573,5599,PRIORITY,0
20,Cosmopolitan,65,1779027861785,1779027861812,1779027861878,27,27,93,PRIORITY,0
21,B52,200,1779027861853,1779027861880,1779027862081,27,27,228,PRIORITY,0
22,Pina Colada,100,1779027861856,1779027862083,1779027862184,227,227,328,PRIORITY,0
24,Beer,25,1779027856245,1779027862186,1779027862212,5941,5941,5967,PRIORITY,0
25,Cosmopolitan,65,1779027856289,1779027862215,1779027862281,5926,5926,5992,PRIORITY,0
26,Gin and Tonic,40,1779027856338,1779027862282,1779027862323,5944,5944,5985,PRIORITY,0
22,Margarita,75,1779027862307,1779027862324,1779027862400,17,17,93,PRIORITY,0
24,Martini,60,1779027862313,1779027862402,1779027862463,89,89,150,PRIORITY,0
25,Cider,25,1779027862332,1779027862465,1779027862491,133,133,159,PRIORITY,0
26,Cider,25,1779027862434,1779027862493,1779027862519,59,59,85,PRIORITY,0
27,Draft Beer,50,1779027856437,1779027862521,1779027862572,6084,6084,6135,PRIORITY,0
24,Tequila shot,20,1779027862574,1779027862574,1779027862594,0,0,20,PRIORITY,0
25,Pina Colada,100,1779027862592,1779027862596,1779027862698,4,4,106,PRIORITY,0
24,Bloody Mary,70,1779027862598,1779027862701,1779027862771,103,103,173,PRIORITY,0
26,Mojito,75,1779027862621,1779027862773,1779027862849,152,152,228,PRIORITY,0
25,Vodka shot,20,1779027862818,1779027862851,1779027862872,33,33,54,PRIORITY,0
28,Mojito,75,1779027856480,1779027862873,1779027862951,6393,6393,6471,PRIORITY,0
25,Draft Beer,50,1779027862876,1779027862955,1779027863006,79,79,130,PRIORITY,0
29,Draft Beer,50,1779027856497,1779027863007,1779027863058,6510,6510,6561,PRIORITY,0
30,Margarita,75,1779027856546,1779027863061,1779027863138,6515,6515,6592,PRIORITY,0
28,Cider,25,1779027863063,1779027863143,1779027863170,80,80,107,PRIORITY,0
29,Red Wine,25,1779027863159,1779027863172,1779027863198,13,13,39,PRIORITY,0
31,Gin and Tonic,40,1779027856669,1779027863201,1779027863242,6532,6532,6573,PRIORITY,0
32,Tequila shot,20,1779027856924,1779027863243,1779027863264,6319,6319,6340,PRIORITY,0
33,Mojito,75,1779027857020,1779027863265,1779027863342,6245,6245,6322,PRIORITY,0
28,Red Wine,25,1779027863271,1779027863344,1779027863369,73,73,98,PRIORITY,0
29,White Wine,25,1779027863349,1779027863371,1779027863396,22,22,47,PRIORITY,0
31,Beer,25,1779027863353,1779027863397,1779027863424,44,44,71,PRIORITY,0
32,Gin and Tonic,40,1779027863268,1779027863425,1779027863467,157,157,199,PRIORITY,0
34,Beer,25,1779027857049,1779027863468,1779027863494,6419,6419,6445,PRIORITY,0
35,Vodka shot,20,1779027857099,1779027863497,1779027863519,6398,6398,6420,PRIORITY,0
36,Bloody Mary,70,1779027857150,1779027863522,1779027863592,6372,6372,6442,PRIORITY,0
28,Margarita,75,1779027863522,1779027863594,1779027863671,72,72,149,PRIORITY,0
29,Vodka shot,20,1779027863547,1779027863672,1779027863694,125,125,147,PRIORITY,0
31,Margarita,75,1779027863525,1779027863696,1779027863772,171,171,247,PRIORITY,0
28,Margarita,75,1779027863752,1779027863774,1779027863850,22,22,98,PRIORITY,0
29,Cosmopolitan,65,1779027863698,1779027863852,1779027863919,154,154,221,PRIORITY,0
31,Bloody Mary,70,1779027863854,1779027863920,1779027863991,66,66,137,PRIORITY,0
29,B52,200,1779027863970,1779027863993,1779027864194,23,23,224,PRIORITY,0
31,Gin and Tonic,40,1779027864142,1779027864195,1779027864235,53,53,93,PRIORITY,0
29,Mojito,75,1779027864205,1779027864237,1779027864314,32,32,109,PRIORITY,0
32,Red Wine,25,1779027863577,1779027864315,1779027864342,738,738,765,PRIORITY,0
34,Beer,25,1779027863594,1779027864343,1779027864369,749,749,775,PRIORITY,0
35,Pina Colada,100,1779027863523,1779027864370,1779027864472,847,847,949,PRIORITY,0
34,Cosmopolitan,65,1779027864470,1779027864473,1779027864539,3,3,69,PRIORITY,0
36,White Wine,25,1779027863743,1779027864540,1779027864567,797,797,824,PRIORITY,0
37,B52,200,1779027857173,1779027864567,1779027864768,7394,7394,7595,PRIORITY,0
34,Pina Colada,100,1779027864591,1779027864770,1779027864871,179,179,280,PRIORITY,0
35,Draft Beer,50,1779027864593,1779027864873,1779027864924,280,280,331,PRIORITY,0
38,Cosmopolitan,65,1779027857220,1779027864926,1779027864992,7706,7706,7772,PRIORITY,0
39,Mojito,75,1779027857235,1779027865006,1779027865082,7771,7771,7847,PRIORITY,0
35,Tequila shot,20,1779027865025,1779027865084,1779027865105,59,59,80,PRIORITY,0
38,Tequila shot,20,1779027865043,1779027865107,1779027865128,64,64,85,PRIORITY,0
35,Bloody Mary,70,1779027865109,1779027865129,1779027865200,20,20,91,PRIORITY,0
38,Draft Beer,50,1779027865133,1779027865202,1779027865252,69,69,119,PRIORITY,0
39,Margarita,75,1779027865193,1779027865254,1779027865330,61,61,137,PRIORITY,0
40,Gin and Tonic,40,1779027857313,1779027865332,1779027865373,8019,8019,8060,PRIORITY,0
35,Mojito,75,1779027865352,1779027865375,1779027865451,23,23,99,PRIORITY,0
38,Vodka shot,20,1779027865353,1779027865452,1779027865474,99,99,121,PRIORITY,0
39,Margarita,75,1779027865411,1779027865475,1779027865551,64,64,140,PRIORITY,0
41,White Wine,25,1779027857469,1779027865553,1779027865580,8084,8084,8111,PRIORITY,0
42,Vodka shot,20,1779027857676,1779027865583,1779027865604,7907,7907,7928,PRIORITY,0
43,Red Wine,25,1779027857740,1779027865606,1779027865632,7866,7866,7892,PRIORITY,0
39,Beer,25,1779027865632,1779027865634,1779027865661,2,2,29,PRIORITY,0
42,Pina Colada,100,1779027865608,1779027865662,1779027865763,54,54,155,PRIORITY,0
39,Cider,25,1779027865762,1779027865764,1779027865790,2,2,28,PRIORITY,0
41,White Wine,25,1779027865732,1779027865792,1779027865818,60,60,86,PRIORITY,0
43,Beer,25,1779027865783,1779027865820,1779027865846,37,37,63,PRIORITY,0
44,Bloody Mary,70,1779027857798,1779027865848,1779027865918,8050,8050,8120,PRIORITY,0
39,Tequila shot,20,1779027865892,1779027865919,1779027865940,27,27,48,PRIORITY,0
42,White Wine,25,1779027865884,1779027865942,1779027865970,58,58,86,PRIORITY,0
39,Martini,60,1779027865944,1779027865972,1779027866033,28,28,89,PRIORITY,0
41,Gin and Tonic,40,1779027865969,1779027866033,1779027866075,64,64,106,PRIORITY,0
44,Draft Beer,50,1779027866069,1779027866078,1779027866136,9,9,67,PRIORITY,0
42,Margarita,75,1779027866147,1779027866159,1779027866239,12,12,92,PRIORITY,0
41,Vodka shot,20,1779027866187,1779027866241,1779027866262,54,54,75,PRIORITY,0
44,Mojito,75,1779027866249,1779027866264,1779027866340,15,15,91,PRIORITY,0
41,Red Wine,25,1779027866266,1779027866341,1779027866367,75,75,101,PRIORITY,0
42,Red Wine,25,1779027866322,1779027866369,1779027866395,47,47,73,PRIORITY,0
45,Bloody Mary,70,1779027857902,1779027866398,1779027866469,8496,8496,8567,PRIORITY,0
44,Red Wine,25,1779027866451,1779027866471,1779027866496,20,20,45,PRIORITY,0
46,Cider,25,1779027858009,1779027866498,1779027866524,8489,8489,8515,PRIORITY,0
41,Red Wine,25,1779027866518,1779027866526,1779027866553,8,8,35,PRIORITY,0
42,Pina Colada,100,1779027866546,1779027866555,1779027866656,9,9,110,PRIORITY,0
45,Bloody Mary,70,1779027866620,1779027866660,1779027866731,40,40,111,PRIORITY,0
41,Mojito,75,1779027866705,1779027866731,1779027866809,26,26,104,PRIORITY,0
42,Draft Beer,50,1779027866779,1779027866811,1779027866862,32,32,83,PRIORITY,0
46,Cider,25,1779027866626,1779027866864,1779027866890,238,238,264,PRIORITY,0
45,Beer,25,1779027866881,1779027866892,1779027866919,11,11,38,PRIORITY,0
41,Draft Beer,50,1779027866920,1779027866921,1779027866971,1,1,51,PRIORITY,0
47,Gin and Tonic,40,1779027858121,1779027866972,1779027867015,8851,8851,8894,PRIORITY,0
46,Cider,25,1779027866992,1779027867018,1779027867044,26,26,52,PRIORITY,0
48,Margarita,75,1779027858193,1779027867045,1779027867120,8852,8852,8927,PRIORITY,0
49,Cider,25,1779027859048,1779027867122,1779027867148,8074,8074,8100,PRIORITY,0
46,B52,200,1779027867145,1779027867150,1779027867350,5,5,205,PRIORITY,0
47,Tequila shot,20,1779027867127,1779027867352,1779027867373,225,225,246,PRIORITY,0
48,Beer,25,1779027867202,1779027867374,1779027867401,172,172,199,PRIORITY,0
47,Beer,25,1779027867378,1779027867402,1779027867428,24,24,50,PRIORITY,0
49,Margarita,75,1779027867250,1779027867430,1779027867506,180,180,256,PRIORITY,0
48,Draft Beer,50,1779027867502,1779027867508,1779027867560,6,6,58,PRIORITY,0
47,Vodka shot,20,1779027867529,1779027867564,1779027867584,35,35,55,PRIORITY,0
47,Beer,25,1779027867587,1779027867588,1779027867614,1,1,27,PRIORITY,0
49,Beer,25,1779027867588,1779027867616,1779027867642,28,28,54,PRIORITY,0
48,Pina Colada,100,1779027867662,1779027867662,1779027867764,0,0,102,PRIORITY,0
47,Mojito,75,1779027867716,1779027867766,1779027867842,50,50,126,PRIORITY,0
49,B52,200,1779027867744,1779027867852,1779027868054,108,108,310,PRIORITY,0
47,Martini,60,1779027867953,1779027868057,1779027868117,104,104,164,PRIORITY,0
48,Cider,25,1779027867885,1779027868119,1779027868145,234,234,260,PRIORITY,0
49,Cider,25,1779027868066,1779027868147,1779027868174,81,81,108,PRIORITY,0
47,Draft Beer,50,1779027868228,1779027868228,1779027868279,0,0,51,PRIORITY,0
49,Mojito,75,1779027868276,1779027868281,1779027868358,5,5,82,PRIORITY,0
49,Tequila shot,20,1779027868468,1779027868468,1779027868490,0,0,22,PRIORITY,0
49,White Wine,25,1779027868494,1779027868494,1779027868520,0,0,26,PRIORITY,0
